-940,16,263
-953,17,272
-945,11,274
-944,15,265
-940,13,268
-942,12,275
-953,14,263
-937,10,274
-942,12,273
-947,5,278
-945,5,267
-942,9,262
-942,6,264
-946,9,269
-945,11,270
-943,11,269
-943,11,266
-943,9,268
-944,13,267
-944,13,268
-945,11,267
-943,12,270
-944,11,266
-944,11,263
-944,12,264
-946,16,262
-943,7,277
-944,9,260
-939,12,266
-953,14,270
-943,4,272
-941,12,263
-941,12,267
-944,11,275
-950,12,271
-943,12,261
-941,13,275
-946,10,276
-947,10,270
-942,10,267
-941,9,266
-946,8,265
-946,10,266
-944,8,269
-944,10,270
-943,12,268
-944,12,268
-943,11,269
-944,12,268
-943,13,268
-944,13,268
-943,12,263
-944,12,268
-943,12,275
-941,6,269
-950,10,257
-943,16,266
-945,10,270
-949,11,271
-942,10,266
-939,15,267
-943,12,271
-948,11,268
-948,14,266
-939,8,273
-946,8,275
-948,7,271
-944,11,266
-944,11,263
-946,11,264
-948,12,265
-946,13,263
-945,12,268
-945,14,268
-945,12,270
-944,13,270
-945,14,268
-944,11,270
-944,12,275
-944,13,269
-944,13,271
-940,13,279
-943,8,272
-948,12,268
-941,15,275
-943,12,281
-951,13,281
-941,10,281
-938,16,277
-939,12,285
-945,11,284
-941,14,280
-936,9,282
-940,12,291
-945,10,282
-940,11,275
-941,12,279
-942,14,278
-945,15,276
-941,13,269
-941,12,273
-943,14,277
-943,13,274
-941,13,271
-942,12,270
-942,14,270
-944,14,272
-945,15,270
-944,14,271
-942,15,278
-942,9,273
-949,13,262
-940,15,267
-948,10,278
-948,11,276
-938,8,273
-938,11,273
-942,13,280
-947,9,279
-941,11,266
-938,11,275
-941,10,289
-944,9,279
-941,12,273
-941,9,271
-944,10,267
-944,11,271
-943,10,274
-943,10,274
-942,13,275
-942,14,274
-943,14,275
-944,14,275
-943,14,276
-944,13,274
-944,12,269
-942,13,272
-946,14,261
-945,7,281
-942,12,267
-938,11,273
-952,12,275
-942,6,275
-941,10,269
-937,11,275
-944,20,282
-951,14,270
-955,16,266
-940,11,271
-936,13,276
-935,16,280
-936,15,269
-951,11,281
-955,9,285
-944,-6,274
-937,7,280
-940,15,283
-953,12,262
-952,-1,259
-943,-5,261
-936,2,275
-950,9,279
-944,10,283
-939,11,294
-949,18,299
-953,24,259
-936,30,266
-937,25,277
-943,21,291
-937,9,293
-941,19,299
-934,16,303
-938,19,294
-937,23,283
-932,28,294
-944,21,300
-946,26,282
-935,30,285
-934,34,299
-938,27,304
-945,27,298
-937,32,297
-933,27,295
-934,34,299
-940,36,297
-934,45,301
-928,38,325
-930,53,309
-916,53,331
-931,54,324
-927,66,324
-934,50,324
-927,54,336
-921,63,324
-922,60,315
-928,53,311
-935,49,309
-929,45,294
-928,56,303
-939,38,304
-932,48,303
-930,52,311
-934,54,308
-930,49,309
-933,52,316
-934,43,315
-935,44,308
-931,44,303
-932,40,306
-933,39,297
-941,37,297
-933,42,299
-940,37,299
-936,36,299
-934,39,302
-931,41,299
-934,37,308
-937,44,304
-936,48,310
-930,35,295
-934,27,307
-942,33,302
-938,32,297
-934,34,296
-944,43,291
-940,33,289
-930,21,293
-939,33,295
-937,19,300
-942,38,298
-931,34,300
-931,61,294
-945,48,278
-933,34,286
-930,44,293
-925,8,310
-941,13,301
-921,-6,292
-931,-10,297
-942,3,279
-931,-22,281
-934,-12,258
-933,31,270
-956,33,267
-964,44,255
-954,25,252
-993,40,234
-963,-14,228
-929,-7,230
-953,22,230
-983,-4,230
-976,-23,228
-957,-28,234
-955,-19,239
-956,-17,213
-958,-23,234
-955,-8,224
-951,-9,231
-966,-1,243
-951,0,245
-946,8,239
-951,8,239
-951,7,245
-961,5,238
-945,5,231
-947,8,244
-959,1,248
-952,1,240
-950,7,234
-954,4,235
-954,3,236
-956,7,238
-951,5,236
-948,5,241
-951,8,242
-949,7,247
-951,7,251
-944,-2,253
-957,8,237
-950,12,242
-948,6,247
-956,6,268
-945,11,265
-947,23,225
-921,29,256
-962,-2,217
-960,18,228
-946,-1,252
-982,17,232
-975,23,242
-934,15,240
-963,6,232
-972,1,226
-967,15,224
-950,20,235
-936,16,235
-941,4,256
-965,2,249
-967,8,245
-956,22,260
-953,34,259
-957,0,233
-952,3,226
-953,-2,235
-947,9,250
-957,30,278
-973,32,256
-967,-42,222
-956,-23,193
-942,11,164
-976,41,178
-964,19,269
-987,23,333
-938,14,324
-896,-23,324
-878,-33,336
-899,-18,328
-913,5,330
-921,13,333
-931,16,327
-925,6,309
-925,2,304
-935,6,297
-941,-2,292
-943,6,304
-939,3,309
-935,-5,308
-915,-14,310
-922,-25,322
-933,-26,334
-921,-20,336
-921,-12,319
-924,-1,311
-930,7,302
-930,10,291
-928,12,293
-940,17,301
-947,11,290
-943,12,284
-942,12,281
-940,12,284
-947,13,278
-947,12,277
-945,7,276
-944,6,273
-941,3,274
-941,1,274
-947,10,264
-976,27,238
-1006,25,198
-975,10,222
-961,18,263
-987,37,168
-931,46,166
-917,66,265
-916,36,366
-937,-11,395
-912,42,417
-888,33,416
-901,27,376
-876,64,333
-882,80,328
-885,40,343
-871,2,371
-893,-27,393
-921,-65,398
-926,-87,430
-943,-59,446
-894,-7,441
-841,-19,393
-856,116,366
-891,43,359
-926,114,365
-910,72,353
-925,68,415
-910,30,414
-878,24,442
-895,13,413
-874,-4,382
-891,43,277
-896,31,283
-948,21,265
-991,52,239
-988,77,231
-968,78,231
-984,67,203
-946,66,209
-961,31,202
-993,63,170
-1033,75,148
-1000,10,161
-948,25,181
-972,34,172
-971,41,184
-984,24,200
-985,25,206
-977,19,197
-948,18,209
-945,35,202
-941,25,217
-961,22,215
-957,20,218
-950,20,209
-945,21,215
-946,20,224
-955,18,228
-952,15,213
-945,14,238
-969,15,239
-966,16,218
-946,12,220
-955,14,231
-966,18,230
-949,22,231
-945,25,229
-953,27,224
-952,21,228
-960,21,225
-955,11,235
-968,14,211
-954,15,213
-965,14,221
-957,12,225
-953,14,220
-957,19,216
-959,18,222
-958,19,223
-960,22,205
-951,21,225
-959,21,226
-965,19,218
-960,23,216
-956,23,214
-956,22,214
-963,24,218
-962,20,221
-958,21,222
-955,21,225
-956,27,224
-949,13,237
-965,23,220
-951,24,221
-953,18,234
-958,21,240
-949,18,239
-950,25,241
-955,21,245
-953,18,238
-950,25,230
-944,23,238
-952,19,245
-956,15,241
-951,19,237
-951,19,234
-952,18,235
-954,18,232
-953,18,226
-955,18,228
-954,15,230
-954,15,233
-953,24,228
-953,31,229
-958,18,229
-958,21,236
-953,15,245
-951,15,222
-942,21,234
-964,18,235
-953,10,236
-952,15,231
-954,25,235
-963,25,233
-962,16,232
-954,19,225
-954,26,236
-950,19,240
-949,14,235
-964,20,223
-960,21,225
-956,29,212
-956,27,218
-962,22,225
-965,19,224
-956,18,223
-954,23,227
-953,17,227
-957,18,236
-957,20,237
-955,22,240
-958,16,239
-958,28,223
-947,33,228
-960,23,239
-960,21,254
-978,22,249
-951,32,226
-921,32,236
-930,23,264
-959,21,254
-952,13,239
-948,13,263
-953,13,239
-952,12,227
-955,16,222
-959,21,221
-961,22,218
-956,29,217
-957,33,222
-962,32,227
-961,33,226
-955,36,237
-959,35,222
-952,34,239
-956,38,225
-950,26,225
-958,24,226
-951,21,237
-951,25,233
-949,24,231
-956,28,232
-965,30,231
-954,29,219
-956,36,230
-966,30,225
-971,34,216
-954,35,215
-950,32,216
-955,28,227
-963,30,228
-963,30,230
-957,36,224
-953,38,220
-950,36,229
-959,41,210
-956,32,234
-958,42,219
-949,42,223
-975,39,225
-961,32,224
-954,34,216
-956,35,216
-958,36,223
-965,36,220
-954,33,212
-957,41,224
-960,38,228
-960,39,220
-957,41,217
-956,41,214
-952,38,219
-962,35,218
-962,35,222
-965,35,219
-970,38,212
-959,40,207
-957,47,206
-936,40,231
-988,48,224
-972,48,215
-952,33,220
-961,36,225
-953,30,221
-948,35,219
-948,40,235
-964,16,266
-965,-1,299
-955,29,165
-901,75,168
-931,83,209
-947,37,208
-986,34,223
-995,46,228
-979,64,223
-956,65,210
-931,77,210
-939,39,232
-982,80,224
-960,122,176
-969,120,117
-924,93,118
-942,82,92
-963,49,97
-1013,57,75
-1034,59,54
-1019,61,54
-983,54,40
-987,20,-19
-1032,20,-68
-1007,-7,-85
-918,-29,-149
-924,41,-210
-1016,63,-215
-1003,37,-235
-999,41,-254
-1023,73,-266
-1008,58,-270
-1013,42,-201
-1026,25,-161
-1017,18,-185
-1001,4,-198
-984,25,-203
-952,46,-175
-972,52,-152
-985,49,-139
-1003,22,-110
-1020,36,-118
-996,61,-106
-986,74,-76
-987,66,-52
-1004,50,-21
-1016,59,-5
-1001,63,0
-997,46,52
-996,71,75
-991,82,51
-1012,34,43
-998,47,70
-993,57,72
-984,68,60
-980,68,54
-931,73,80
-957,68,96
-1000,17,102
-999,5,112
-969,20,108
-975,0,128
-939,10,133
-1001,-13,195
-1020,-23,198
-984,-17,212
-953,-7,224
-933,20,239
-927,9,263
-943,-7,290
-944,-19,249
-921,-29,211
-898,-34,228
-883,-2,249
-996,-62,234
-1063,37,216
-1047,-18,289
-982,-36,216
-867,36,262
-915,-10,223
-923,-29,264
-952,-50,310
-933,-41,330
-880,-26,312
-886,-40,322
-928,-8,346
-871,-23,429
-832,-11,472
-842,-44,520
-823,-63,539
-834,-98,561
-841,-115,529
-823,-91,486
-796,-43,472
-782,-36,443
-771,-24,499
-771,-3,562
-769,2,649
-792,-5,640
-789,121,579
-727,53,551
-830,24,418
-935,29,311
-876,47,295
-945,35,289
-982,67,287
-1000,-8,268
-980,-10,206
-951,-3,163
-960,1,88
-937,-32,118
-1003,30,168
-1002,72,131
-962,103,113
-997,73,151
-1007,93,152
-993,163,154
-1013,131,156
-1001,136,154
-929,139,188
-911,168,297
-948,121,381
-975,212,445
-932,132,458
-861,152,480
-813,145,427
-818,136,354
-817,143,419
-847,142,491
-892,98,551
-888,102,527
-836,108,551
-802,102,512
-804,78,488
-833,67,481
-860,76,462
-868,90,441
-867,106,442
-905,79,436
-924,81,406
-895,107,391
-864,123,400
-864,140,410
-870,139,420
-884,131,417
-865,112,425
-866,103,432
-858,88,431
-868,82,432
-863,78,439
-870,68,442
-862,69,442
-855,70,448
-856,74,446
-862,77,438
-862,77,426
-861,79,446
-856,74,434
-866,77,443
-865,75,446
-865,79,442
-859,84,436
-865,82,436
-865,82,439
-870,83,436
-869,83,435
-867,82,437
-867,85,430
-861,73,445
-868,76,432
-860,75,443
-873,77,445
-863,73,442
-859,76,439
-858,79,439
-863,81,443
-867,77,445
-869,79,433
-859,80,442
-868,77,440
-866,75,435
-865,78,437
-865,78,433
-865,78,436
-864,77,442
-866,77,438
-865,78,438
-862,77,443
-860,76,435
-876,75,444
-861,79,437
-862,75,445
-871,76,440
-862,73,437
-861,78,437
-864,78,441
-867,77,443
-873,77,444
-860,74,433
-867,78,439
-867,73,442
-865,75,438
-862,78,436
-866,76,437
-866,79,436
-866,77,440
-867,79,437
-864,79,434
-866,80,435
-862,79,438
-864,82,443
-867,80,432
-871,80,442
-859,82,438
-864,80,444
-871,81,443
-862,77,442
-858,83,439
-860,81,443
-865,81,443
-865,81,448
-857,79,437
-864,84,445
-864,79,443
-864,82,440
-861,84,437
-865,84,435
-864,85,436
-866,85,437
-866,83,433
-862,85,430
-863,85,428
-867,84,431
-867,84,438
-873,86,424
-868,83,438
-863,85,432
-865,82,441
-876,84,436
-862,81,436
-860,84,432
-861,82,438
-868,82,440
-871,83,443
-860,79,430
-860,84,444
-867,79,446
-866,80,437
-861,81,435
-867,81,433
-866,80,437
-865,79,439
-865,79,439
-863,79,441
-863,78,442
-863,79,439
-864,77,441
-864,79,445
-860,73,447
-876,78,431
-860,80,435
-867,78,444
-867,77,442
-861,77,439
-860,79,440
-864,78,442
-868,75,439
-868,77,442
-857,75,438
-867,75,443
-866,73,442
-863,75,438
-863,76,435
-865,76,435
-866,76,437
-866,77,438
-864,78,437
-865,77,436
-865,77,437
-863,76,440
-865,75,438
-866,76,436
-864,76,438
-865,79,438
-863,71,447
-871,78,429
-862,79,437
-871,79,441
-864,73,440
-862,75,436
-863,76,437
-867,76,441
-867,73,442
-870,75,435
-859,76,439
-867,72,441
-869,73,441
-863,75,438
-864,75,436
-868,75,437
-866,75,439
-866,75,439
-863,77,439
-863,77,439
-863,77,441
-863,77,443
-864,77,440
-864,77,440
-861,76,443
-867,80,438
-862,75,452
-864,79,434
-857,80,445
-873,80,446
-861,76,447
-859,80,445
-858,81,443
-861,79,450
-864,76,452
-860,76,439
-856,78,452
-861,75,452
-862,76,449
-859,80,444
-861,80,443
-863,81,443
-863,80,445
-860,80,445
-861,81,444
-861,80,448
-860,81,444
-859,80,446
-858,80,451
-862,82,437
-855,77,448
-863,79,439
-861,80,447
-868,81,443
-861,80,443
-860,80,439
-860,80,442
-865,80,445
-869,77,444
-863,73,434
-858,80,447
-865,75,451
-864,75,442
-860,78,441
-864,76,436
-864,78,438
-865,77,441
-864,77,440
-863,78,441
-863,76,444
-864,76,441
-865,76,439
-862,75,441
-865,79,437
-863,72,450
-867,76,433
-859,78,438
-868,77,444
-863,76,442
-860,75,438
-860,77,439
-864,76,441
-865,73,443
-867,74,435
-856,75,442
-867,72,445
-867,71,440
-863,74,440
-864,75,437
-866,73,440
-866,76,438
-865,75,437
-864,76,438
-866,76,438
-864,75,439
-866,75,438
-867,74,436
-864,74,438
-864,77,439
-863,71,444
-873,75,432
-863,77,437
-867,75,442
-867,75,439
-862,74,437
-863,76,437
-866,76,438
-870,73,436
-870,75,444
-859,73,436
-870,75,442
-869,71,439
-864,74,437
-866,74,436
-867,73,436
-871,75,436
-866,75,436
-866,76,435
-865,75,436
-866,75,439
-867,77,437
-866,76,439
-863,76,438
-866,76,435
-865,75,441
-869,79,437
-863,72,449
-867,78,431
-861,79,438
-871,79,440
-865,77,441
-863,78,438
-861,79,440
-863,79,441
-867,76,447
-863,78,437
-857,78,441
-865,77,445
-865,77,440
-863,79,438
-862,81,436
-867,80,435
-869,80,436
-867,81,435
-866,83,434
-864,83,435
-864,82,438
-865,82,438
-865,83,436
-864,83,436
-863,81,440
-868,84,431
-859,80,442
-868,84,434
-862,83,438
-864,83,434
-865,82,437
-862,81,436
-862,82,436
-866,81,440
-872,79,446
-863,79,431
-863,82,437
-870,80,441
-868,79,436
-865,81,435
-868,80,432
-869,80,432
-870,80,434
-867,79,434
-868,80,434
-867,79,437
-868,78,435
-868,78,434
-867,78,438
-870,80,429
-866,73,447
-867,78,432
-863,78,436
-870,77,439
-866,76,440
-861,74,440
-860,77,440
-864,76,443
-867,74,442
-868,76,440
-854,73,446
-866,76,447
-866,71,443
-863,73,444
-861,74,440
-865,73,439
-866,74,441
-863,74,441
-862,75,442
-861,76,445
-864,75,443
-862,74,441
-863,74,445
-861,73,444
-862,73,446
-863,73,444
-863,72,441
-862,73,444
-863,75,447
-859,73,443
-871,74,444
-861,75,442
-861,74,447
-869,74,445
-861,71,444
-861,75,441
-864,73,442
-865,73,448
-868,71,449
-864,73,435
-859,75,443
-866,70,443
-865,74,438
-863,75,441
-863,78,434
-866,75,437
-867,78,437
-867,78,435
-866,79,434
-864,78,434
-867,79,434
-867,78,436
-866,79,434
-865,78,435
-865,78,435
-868,79,434
-866,80,436
-867,81,435
-867,81,435
-868,81,431
-867,82,433
-868,83,436
-870,81,424
-868,80,439
-865,82,434
-864,82,438
-875,82,437
-863,80,438
-860,81,434
-861,82,433
-866,82,436
-870,79,440
-862,81,428
-860,81,437
-870,79,437
-870,81,432
-865,81,430
-868,81,428
-873,80,429
-874,82,427
-872,81,426
-872,81,427
-870,80,427
-872,80,428
-872,79,428
-871,81,429
-869,78,431
-870,78,430
-868,80,428
-867,80,433
-869,80,432
-867,78,432
-867,78,435
-867,80,435
-865,73,446
-871,79,429
-863,80,433
-867,77,442
-868,77,438
-861,76,438
-860,78,437
-862,78,440
-864,77,447
-866,76,446
-857,74,436
-862,78,447
-864,73,445
-863,75,445
-861,77,443
-860,75,440
-866,76,443
-864,76,441
-862,75,442
-862,77,443
-862,77,444
-862,76,443
-862,76,445
-862,75,444
-861,75,443
-863,74,443
-861,74,443
-862,75,445
-862,75,446
-863,76,442
-861,77,441
-862,77,441
-864,79,437
-865,73,453
-860,75,438
-859,76,441
-867,75,447
-863,73,446
-859,75,441
-859,77,442
-863,76,443
-864,76,443
-866,75,446
-855,74,439
-866,75,447
-867,72,442
-862,74,442
-862,77,438
-863,74,439
-869,75,440
-864,76,437
-863,77,438
-864,77,438
-865,77,438
-866,78,438
-864,78,438
-865,76,438
-866,78,437
-866,77,437
-865,78,437
-863,81,440
-865,81,438
-865,81,439
-864,82,440
-868,82,430
-864,79,444
-864,82,438
-862,83,436
-870,82,439
-866,81,441
-861,83,438
-861,85,438
-863,83,441
-870,81,441
-861,82,443
-858,82,438
-868,80,441
-865,81,438
-864,82,436
-863,84,432
-867,84,432
-867,83,432
-865,84,432
-865,84,432
-864,85,433
-865,83,436
-867,82,435
-868,82,434
-868,82,433
-868,82,433
-869,82,426
-871,82,434
-869,84,429
-867,82,432
-874,83,429
-867,80,432
-865,81,430
-866,81,433
-870,80,436
-873,77,437
-870,77,424
-862,80,436
-872,77,440
-871,78,438
-865,79,432
-864,79,432
-870,78,433
-872,78,435
-868,77,433
-866,79,433
-865,79,435
-868,79,437
-866,76,436
-865,77,436
-864,75,439
-864,77,439
-865,77,438
-863,79,439
-863,77,441
-864,80,441
-861,72,452
-868,77,433
-860,78,439
-865,77,444
-866,75,443
-860,75,439
-859,77,441
-863,76,443
-864,77,448
-865,75,448
-857,73,436
-863,77,446
-866,74,445
-864,76,445
-861,76,444
-860,76,440
-866,76,441
-864,77,441
-861,76,441
-863,77,441
-863,78,442
-863,77,442
-863,77,442
-863,75,442
-862,76,442
-863,75,444
-863,76,442
-863,77,442
-862,77,444
-866,78,436
-866,72,454
-862,77,440
-861,77,441
-867,77,445
-864,75,444
-861,77,438
-860,78,441
-864,78,443
-866,76,444
-868,78,446
-857,74,438
-867,77,442
-869,75,440
-864,77,439
-865,78,437
-864,79,434
-869,78,436
-868,79,436
-866,80,435
-865,81,434
-865,80,437
-868,81,436
-865,79,437
-867,79,440
-866,79,437
-862,79,437
-862,80,440
-869,83,433
-859,79,450
-865,84,439
-862,83,440
-867,83,441
-864,82,443
-859,82,440
-859,84,440
-861,83,444
-866,81,442
-856,81,447
-857,81,439
-865,79,447
-862,81,442
-862,81,439
-863,82,436
-869,82,435
-869,83,433
-866,82,434
-866,83,432
-867,82,432
-868,82,430
-868,80,432
-869,81,440
-869,82,424
-871,77,439
-864,80,433
-867,79,436
-870,80,435
-868,77,437
-864,78,433
-864,80,435
-866,79,439
-867,75,442
-867,79,436
-857,77,439
-867,77,444
-864,74,442
-863,75,443
-862,78,436
-865,76,437
-866,78,439
-865,76,440
-863,78,439
-864,76,440
-865,76,442
-862,76,442
-863,76,443
-862,75,444
-863,76,442
-862,77,445
-862,77,445
-861,78,444
-861,77,444
-861,80,444
-859,73,453
-864,77,434
-858,78,441
-865,77,448
-862,75,446
-858,76,442
-858,78,443
-861,77,444
-861,77,450
-864,77,448
-858,74,437
-863,78,448
-864,73,446
-861,74,443
-860,75,441
-861,75,440
-864,76,441
-862,76,442
-862,76,444
-860,77,443
-863,76,443
-862,77,444
-863,75,445
-862,76,443
-864,75,444
-864,75,443
-864,76,443
-862,77,441
-863,77,442
-863,77,444
-863,76,434
-868,75,446
-859,78,441
-859,78,443
-869,78,445
-861,76,443
-859,78,440
-859,79,441
-862,79,446
-865,77,447
-862,78,442
-853,77,445
-864,77,447
-864,78,441
-859,78,441
-861,80,439
-862,79,440
-866,80,441
-862,81,441
-862,82,439
-861,82,439
-862,81,442
-862,81,442
-862,81,443
-862,80,445
-862,79,443
-861,81,441
-860,81,447
-865,83,434
-856,80,449
-860,84,441
-859,84,444
-860,82,438
-863,79,439
-859,81,437
-861,82,434
-865,81,437
-871,79,437
-863,81,441
-858,80,432
-870,80,438
-866,79,434
-864,80,434
-864,80,431
-870,79,430
-871,79,432
-868,80,431
-867,81,432
-867,79,433
-865,80,435
-866,78,436
-867,79,436
-865,78,434
-865,78,436
-865,79,440
-863,76,438
-870,78,439
-861,80,435
-861,77,440
-867,79,441
-862,75,442
-860,77,440
-861,78,440
-863,77,444
-866,75,447
-866,76,435
-858,74,447
-869,72,449
-869,73,444
-864,72,445
-864,75,439
-868,74,442
-869,75,442
-866,74,441
-864,75,441
-866,74,442
-866,74,444
-863,75,442
-863,73,441
-862,75,440
-863,74,441
-864,71,444
-863,72,442
-862,75,439
-861,81,439
-862,81,444
-859,73,444
-869,74,438
-860,73,441
-858,75,448
-864,76,448
-859,74,447
-856,77,442
-856,78,442
-860,79,445
-865,76,447
-864,79,439
-855,81,450
-863,74,450
-862,77,448
-858,80,453
-859,78,448
-856,78,452
-857,71,442
-853,73,449
-868,70,450
-869,69,447
-867,65,442
-864,63,428
-874,61,427
-885,70,425
-871,75,427
-869,78,430
-878,76,432
-874,73,433
-872,64,435
-860,62,451
-865,55,427
-864,53,421
-872,53,433
-871,58,432
-861,62,436
-859,70,437
-857,74,446
-860,82,454
-872,79,455
-852,71,441
-855,73,454
-863,68,446
-862,67,435
-859,76,436
-858,68,426
-871,57,429
-858,84,457
-868,68,435
-861,55,444
-855,76,453
-865,99,433
-877,106,431
-857,69,419
-861,80,426
-873,98,444
-892,108,432
-869,91,420
-863,82,417
-876,88,419
-882,89,418
-876,84,415
-883,74,411
-885,81,409
-893,86,412
-883,80,408
-892,84,418
-888,81,416
-887,83,413
-879,88,409
-886,88,408
-889,80,410
-894,82,413
-886,86,412
-868,91,416
-876,94,421
-886,96,416
-879,94,417
-884,90,416
-884,87,414
-867,75,422
-890,79,410
-882,80,411
-873,77,420
-888,79,424
-883,82,418
-868,88,415
-879,89,410
-874,99,414
-879,109,423
-877,109,413
-873,111,425
-869,96,444
-869,89,457
-867,81,455
-850,78,456
-848,79,460
-845,78,471
-846,80,473
-850,76,470
-851,79,475
-849,85,478
-840,86,476
-837,94,470
-841,103,474
-842,97,492
-845,86,513
-854,96,489
-827,89,495
-823,87,475
-834,88,468
-847,89,471
-846,77,474
-853,78,480
-856,79,473
-849,73,479
-852,75,473
-852,71,475
-838,71,462
-853,75,466
-853,75,471
-851,80,481
-850,78,487
-858,75,489
-849,80,496
-839,81,501
-829,85,485
-821,94,478
-833,101,476
-849,99,464
-858,99,458
-862,83,449
-860,83,442
-856,71,439
-861,63,424
-860,75,440
-871,93,448
-864,96,449
-863,94,450
-860,96,443
-860,94,443
-862,99,443
-861,105,448
-852,105,444
-861,105,452
-862,94,452
-860,89,447
-859,87,440
-861,85,443
-860,84,441
-857,84,443
-857,83,443
-857,85,445
-857,86,450
-856,89,454
-854,88,453
-863,93,443
-856,90,444
-857,86,452
-862,88,447
-857,84,447
-856,87,447
-856,85,449
-861,84,449
-863,85,454
-853,81,444
-857,86,452
-857,82,451
-857,82,448
-857,85,449
-860,83,443
-859,85,449
-859,83,447
-858,83,448
-857,84,446
-859,83,449
-859,83,450
-858,83,452
-857,83,450
-859,82,449
-858,82,450
-858,86,450
-853,79,458
-864,83,438
-855,84,446
-864,84,453
-860,80,450
-856,81,447
-856,83,450
-859,82,449
-861,81,455
-863,80,455
-854,78,443
-862,82,455
-861,75,450
-860,78,448
-859,81,447
-858,80,445
-863,81,445
-861,79,447
-859,81,447
-859,80,445
-859,81,449
-859,80,447
-859,80,448
-859,79,447
-859,81,446
-860,81,445
-857,79,447
-862,78,450
-860,84,450
-856,78,458
-865,83,439
-856,83,446
-863,82,454
-860,77,452
-857,82,447
-857,84,448
-860,82,450
-860,80,456
-862,82,451
-852,80,439
-861,83,454
-862,79,449
-861,80,445
-858,82,442
-860,82,440
-865,83,440
-864,85,440
-861,85,441
-861,85,441
-860,85,441
-862,86,441
-862,86,441
-862,84,440
-862,85,442
-863,85,441
-863,85,441
-862,86,441
-860,90,443
-858,84,449
-865,89,434
-856,88,439
-864,87,448
-861,86,444
-856,86,443
-856,88,439
-858,87,445
-863,86,448
-866,85,446
-855,83,436
-862,88,445
-863,83,444
-863,84,439
-859,87,436
-866,85,435
-865,87,436
-863,87,437
-863,86,439
-863,86,439
-861,85,440
-861,85,440
-859,83,446
-861,81,443
-860,82,443
-861,81,445
-859,84,446
-855,78,456
-864,84,440
-855,85,444
-860,84,451
-859,83,448
-854,81,453
-852,73,450
-852,64,462
-863,103,420
-842,115,429
-844,91,465
-881,72,441
-869,89,462
-870,100,447
-869,112,434
-864,98,433
-866,83,441
-884,85,441
-878,82,429
-861,75,432
-854,70,414
-858,70,410
-879,92,416
-881,145,429
-869,159,437
-868,158,443
-860,153,443
-862,133,447
-861,128,429
-868,130,414
-866,135,418
-870,134,408
-889,132,415
-892,130,412
-874,116,416
-868,120,417
-869,124,425
-871,130,428
-872,128,430
-865,125,416
-862,128,426
-871,112,423
-872,116,421
-880,124,415
-872,134,403
-872,140,422
-880,132,427
-873,131,429
-866,128,427
-876,132,420
-865,136,416
-861,133,422
-871,128,421
-871,130,424
-872,127,426
-874,132,416
-873,127,432
-870,129,422
-865,130,421
-875,135,421
-870,128,424
-869,134,424
-868,131,424
-871,130,425
-872,124,421
-876,120,424
-867,116,421
-872,120,417
-869,122,424
-873,119,421
-875,122,420
-878,119,421
-877,121,421
-866,116,419
-867,113,419
-880,117,420
-879,126,418
-870,127,413
-861,128,417
-856,121,421
-865,117,436
-893,120,425
-896,133,406
-892,146,400
-877,141,401
-880,130,414
-896,126,421
-874,119,420
-863,122,424
-864,128,430
-869,128,428
-870,118,431
-876,110,419
-871,110,423
-876,104,418
-875,105,419
-879,100,421
-886,101,418
-881,102,418
-875,104,419
-881,104,421
-888,99,419
-877,103,417
-872,99,425
-881,95,421
-863,97,426
-863,92,430
-866,95,434
-868,94,435
-875,95,435
-865,89,437
-868,94,421
-864,93,427
-876,95,430
-872,92,432
-860,94,433
-865,93,437
-863,88,438
-868,92,440
-861,91,442
-854,84,437
-862,85,446
-863,87,437
-857,90,441
-857,90,440
-859,88,441
-863,90,443
-859,94,439
-863,92,443
-861,91,438
-860,92,437
-861,91,438
-863,88,441
-858,89,448
-867,91,439
-861,89,446
-860,90,438
-863,91,438
-862,94,440
-861,92,436
-854,97,446
-862,94,437
-859,94,448
-869,91,439
-859,96,427
-856,101,433
-863,95,432
-866,95,443
-873,97,423
-854,106,434
-884,91,421
-875,107,435
-883,100,421
-858,115,415
-866,108,414
-870,122,411
-884,147,430
-894,119,416
-909,134,423
-878,121,403
-869,135,431
-923,97,417
-899,138,398
-841,137,430
-853,117,427
-913,119,412
-891,125,409
-854,133,420
-862,113,413
-877,107,417
-880,97,425
-867,94,421
-862,104,430
-867,88,436
-878,88,425
-864,96,422
-867,93,418
-872,103,419
-879,91,421
-883,82,423
-854,102,417
-865,78,417
-850,106,416
-870,129,459
-900,125,431
-905,141,417
-885,123,412
-895,136,395
-885,155,402
-874,131,411
-883,141,400
-871,135,412
-881,127,418
-876,128,419
-880,120,413
-886,122,416
-899,119,408
-892,126,403
-878,136,402
-868,123,400
-888,135,417
-883,122,419
-885,127,417
-877,118,411
-868,120,407
-879,110,406
-884,115,394
-882,136,395
-867,124,356
-842,160,427
-923,131,450
-949,114,414
-904,86,385
-866,101,403
-915,96,372
-895,103,401
-875,98,405
-861,112,411
-870,157,424
-914,130,432
-918,92,416
-864,83,422
-846,75,411
-877,73,396
-910,72,390
-901,80,408
-887,92,415
-870,94,414
-876,107,428
-875,104,426
-869,101,425
-864,103,424
-866,99,422
-877,100,423
-876,99,417
-875,95,418
-876,94,415
-874,93,417
-870,96,419
-882,97,424
-879,96,424
-868,96,423
-870,94,415
-881,97,430
-870,98,423
-868,95,424
-878,95,424
-869,89,426
-868,94,426
-876,96,424
-871,98,424
-869,92,427
-874,97,421
-866,95,429
-877,88,428
-871,86,426
-871,89,424
-871,92,422
-873,91,423
-876,92,422
-874,93,422
-874,95,422
-873,97,421
-876,96,423
-877,97,422
-878,97,421
-871,88,422
-867,80,427
-877,84,419
-865,88,436
-875,92,418
-873,89,418
-877,87,422
-876,96,423
-885,105,419
-882,109,413
-871,114,413
-881,116,413
-884,128,416
-871,127,416
-878,124,420
-881,117,420
-873,113,419
-871,117,418
-871,121,418
-878,132,418
-877,130,415
-872,119,412
-875,114,412
-880,116,414
-880,113,417
-877,116,415
-878,119,416
-877,121,416
-873,127,416
-872,122,410
-882,132,409
-871,138,416
-875,133,420
-874,133,416
-869,124,419
-872,127,419
-877,125,421
-880,120,413
-876,121,422
-871,119,412
-875,121,419
-877,118,419
-875,120,415
-872,119,419
-882,122,414
-879,122,416
-877,120,418
-876,121,416
-875,126,416
-872,124,418
-877,122,419
-875,120,417
-873,119,417
-875,120,420
-876,117,410
-881,119,422
-871,122,415
-873,119,419
-884,121,419
-873,115,418
-872,119,418
-872,120,421
-876,118,423
-877,113,421
-876,112,412
-869,118,424
-877,111,423
-875,113,420
-870,119,418
-874,115,418
-878,115,416
-875,116,419
-874,116,417
-877,115,417
-875,114,418
-875,113,419
-876,113,419
-875,113,419
-873,114,420
-875,115,417
-874,114,420
-874,113,421
-875,113,410
-882,111,427
-870,115,419
-869,113,422
-881,114,422
-870,106,423
-870,113,421
-874,112,422
-875,111,423
-876,107,422
-877,111,416
-866,112,422
-879,107,422
-878,107,421
-870,110,421
-871,114,421
-861,98,420
-883,108,422
-891,118,414
-879,118,409
-879,118,416
-879,119,417
-871,118,417
-860,122,431
-866,116,438
-862,107,434
-863,106,423
-867,114,422
-873,120,419
-877,130,417
-877,123,418
-889,133,405
-875,140,414
-874,138,417
-870,128,424
-880,129,422
-870,132,420
-863,131,426
-873,117,421
-881,119,428
-865,115,417
-874,121,417
-872,117,413
-873,117,416
-879,127,416
-872,128,417
-869,122,421
-878,122,419
-879,129,417
-874,127,419
-880,126,415
-873,126,407
-869,123,414
-883,121,420
-882,118,420
-873,117,418
-872,117,418
-881,120,418
-878,121,413
-887,123,416
-878,124,416
-871,121,420
-878,122,421
-869,115,421
-869,121,418
-869,119,420
-875,118,423
-879,113,421
-874,110,411
-873,121,424
-878,115,419
-873,120,419
-868,117,420
-873,116,421
-875,118,421
-874,120,422
-874,123,419
-872,123,419
-872,124,421
-872,125,422
-872,124,423
-871,125,424
-871,126,422
-870,125,423
-870,125,425
-877,127,415
-869,124,432
-867,128,423
-867,124,426
-875,128,426
-865,124,427
-863,128,425
-863,127,427
-868,129,429
-871,124,430
-863,125,421
-864,133,427
-867,124,426
-868,126,424
-865,125,422
-872,128,421
-874,129,422
-874,130,421
-869,130,421
-871,132,421
-870,132,420
-871,129,422
-873,126,420
-873,126,419
-871,125,421
-873,130,421
-872,119,424
-880,128,411
-867,130,418
-874,128,423
-874,125,421
-866,123,422
-869,127,421
-873,126,422
-878,123,417
-876,125,425
-867,121,416
-878,128,421
-873,122,421
-873,122,418
-870,125,419
-875,123,418
-876,124,419
-873,123,419
-872,123,419
-874,124,416
-873,124,419
-873,127,422
-873,126,421
-871,125,421
-874,124,421
-873,122,419
-871,125,421
-870,128,423
-872,125,414
-880,127,425
-868,129,421
-869,127,423
-880,129,420
-867,120,421
-867,128,420
-872,125,419
-876,127,421
-874,125,424
-873,125,415
-866,128,427
-878,118,423
-878,121,420
-868,124,417
-871,123,416
-877,120,420
-875,123,420
-872,123,420
-873,126,418
-870,127,420
-874,125,420
-876,124,420
-872,122,420
-872,124,420
-874,121,421
-875,124,420
-872,125,419
-871,125,418
-870,129,421
-869,119,427
-881,127,412
-868,125,419
-873,126,422
-875,122,419
-867,122,421
-868,126,423
-874,122,421
-873,124,422
-876,121,423
-867,120,414
-875,127,423
-875,115,422
-872,120,421
-870,122,420
-871,122,419
-875,122,421
-875,123,420
-874,123,420
-873,123,419
-874,124,420
-873,124,419
-873,122,420
-872,120,420
-871,119,421
-872,120,423
-874,121,420
-872,120,422
-872,122,423
-876,128,415
-873,119,426
-872,122,415
-869,121,420
-878,125,421
-870,117,422
-869,119,420
-870,122,421
-874,120,420
-874,117,418
-877,119,426
-864,121,417
-877,121,423
-873,119,421
-871,118,421
-873,122,420
-874,120,421
-876,123,420
-871,121,420
-873,123,420
-876,122,420
-873,122,418
-872,120,421
-879,121,423
-871,122,421
-875,122,422
-876,124,419
-876,138,430
-885,141,432
-881,125,399
-843,107,412
-852,103,419
-857,95,431
-875,92,431
-873,95,425
-867,106,420
-876,133,424
-893,153,419
-906,161,410
-892,169,401
-884,174,389
-891,176,393
-882,171,400
-880,166,411
-883,155,413
-886,146,416
-877,146,417
-872,145,407
-867,135,407
-876,130,413
-890,136,406
-885,146,398
-875,153,397
-870,155,404
-883,165,395
-884,170,420
-892,177,424
-878,161,418
-875,153,409
-874,131,408
-875,150,417
-885,150,419
-883,143,421
-887,137,412
-868,140,406
-880,139,419
-875,125,418
-870,122,422
-863,123,426
-874,123,424
-867,134,428
-863,131,429
-875,115,421
-868,115,413
-871,105,415
-892,100,406
-902,106,404
-877,114,401
-871,121,419
-870,122,422
-864,112,447
-860,107,440
-859,136,434
-850,143,418
-837,142,426
-862,139,448
-925,96,451
-889,84,428
-832,92,425
-846,96,430
-871,116,430
-862,132,431
-878,137,430
-887,132,422
-875,126,416
-858,130,417
-854,139,429
-868,141,443
-867,143,439
-862,151,439
-862,133,426
-868,109,436
-863,110,419
-861,118,424
-873,127,432
-867,121,435
-861,127,433
-854,134,437
-855,132,446
-867,122,447
-867,127,427
-855,123,433
-862,124,434
-863,117,431
-862,123,433
-863,134,438
-865,115,435
-866,112,435
-864,113,433
-858,112,428
-865,111,428
-863,112,439
-860,120,447
-857,115,429
-858,103,445
-861,121,433
-858,126,438
-865,136,442
-865,132,436
-862,124,431
-857,116,432
-858,112,437
-865,111,442
-870,121,435
-855,119,438
-859,117,436
-865,110,434
-862,111,436
-860,133,437
-863,130,434
-865,122,429
-862,115,428
-863,117,430
-865,114,434
-863,115,436
-858,116,436
-861,117,437
-863,116,433
-863,117,431
-862,122,431
-863,123,430
-862,125,434
-863,118,435
-865,112,430
-858,121,437
-860,126,442
-866,123,427
-868,109,442
-859,118,431
-858,120,434
-868,123,436
-860,114,438
-860,125,434
-860,121,436
-862,116,438
-864,115,442
-863,121,435
-856,120,437
-863,119,435
-865,110,433
-862,115,432
-863,122,431
-863,122,430
-867,121,430
-866,120,430
-864,123,429
-864,123,431
-864,122,432
-866,121,430
-863,121,431
-862,119,431
-862,123,430
-866,122,431
-864,123,433
-868,125,421
-860,122,441
-858,127,435
-859,125,436
-864,126,433
-861,120,433
-858,122,431
-860,125,432
-862,125,436
-866,119,440
-862,121,429
-857,119,434
-866,119,435
-866,116,431
-864,117,431
-865,120,427
-867,121,428
-866,121,431
-865,116,431
-862,118,431
-862,119,432
-865,120,433
-866,116,429
-864,117,427
-864,121,430
-867,119,430
-867,122,432
-861,111,440
-871,121,424
-861,120,428
-866,116,435
-868,115,432
-862,113,430
-861,117,430
-862,118,430
-866,114,439
-861,108,448
-835,143,462
-853,118,470
-909,91,415
-883,109,400
-876,137,398
-873,142,385
-899,98,400
-902,91,400
-868,135,424
-826,212,77
-878,116,808
-960,124,467
-803,178,500
-721,167,576
-960,129,372
-812,159,483
-800,106,441
-818,177,447
-907,143,442
-879,93,431
-855,146,486
-829,102,470
-858,149,452
-871,128,446
-888,109,592
-783,122,610
-870,99,411
-894,135,441
-808,129,559
-831,82,601
-855,77,462
-861,60,385
-744,99,547
-792,124,658
-815,85,293
-867,47,218
-940,121,516
-878,40,309
-897,33,521
-943,33,485
-828,292,-288
-872,986,-885
-922,370,290
-866,78,340
-902,73,392
-904,90,383
-882,126,361
-899,119,341
-899,148,373
-915,127,402
-910,129,387
-892,126,384
-900,124,386
-905,122,377
-899,123,377
-906,132,372
-899,125,382
-901,123,372
-899,122,382
-876,120,370
-902,118,410
-940,169,375
-887,184,369
-870,155,356
-890,124,373
-920,87,374
-909,66,386
-958,52,346
-912,135,354
-841,117,402
-885,117,378
-929,165,368
-886,176,388
-890,169,388
-908,175,373
-902,162,368
-911,163,364
-907,158,356
-910,145,369
-912,141,372
-906,125,376
-906,119,374
-903,114,377
-906,118,375
-909,118,374
-893,114,365
-905,122,376
-906,117,375
-907,118,371
-905,119,367
-913,122,365
-912,124,364
-910,127,368
-911,127,366
-911,132,364
-907,128,366
-911,126,366
-907,122,366
-907,119,370
-909,117,371
-908,116,368
-902,110,373
-907,119,371
-902,109,380
-913,116,361
-905,118,367
-910,119,370
-906,118,363
-899,117,372
-909,117,377
-915,117,378
-911,114,372
-911,113,374
-902,112,357
-912,117,370
-912,108,371
-910,110,371
-908,118,374
-909,117,370
-912,115,370
-907,114,371
-909,116,369
-904,116,368
-908,114,375
-912,112,371
-909,111,367
-907,110,367
-908,111,370
-909,113,372
-909,114,373
-909,118,376
-908,118,362
-906,115,375
-907,118,370
-901,117,372
-912,121,375
-902,113,375
-905,116,372
-905,112,372
-906,114,377
-910,114,373
-909,116,369
-898,114,372
-911,110,367
-910,108,368
-906,110,369
-909,119,372
-909,118,372
-910,117,367
-909,112,366
-909,115,366
-909,118,370
-907,119,369
-909,115,370
-909,112,371
-907,115,370
-907,114,370
-910,116,371
-906,118,373
-906,120,376
-904,115,369
-910,116,363
-905,115,371
-905,113,378
-912,114,374
-902,111,374
-903,120,371
-907,117,374
-907,121,379
-908,117,380
-903,114,365
-901,122,379
-906,109,378
-908,113,376
-903,117,375
-904,120,372
-906,119,374
-906,121,374
-905,120,379
-905,120,379
-902,117,380
-902,117,380
-903,117,382
-903,118,382
-900,121,381
-899,120,379
-900,123,380
-898,122,386
-901,123,375
-895,121,385
-894,126,383
-894,122,388
-902,123,384
-894,116,386
-896,123,381
-897,122,381
-901,121,388
-906,117,382
-894,116,369
-898,123,386
-905,112,382
-904,116,377
-897,118,378
-909,118,374
-911,120,374
-909,117,372
-907,123,372
-909,123,375
-911,120,360
-899,115,372
-912,120,372
-908,120,369
-906,113,377
-906,110,379
-908,112,360
-906,110,376
-903,114,366
-902,114,373
-917,116,374
-906,108,370
-903,113,370
-908,115,370
-912,112,373
-911,109,368
-910,114,365
-901,113,371
-913,108,371
-911,107,368
-905,112,368
-907,113,367
-910,111,365
-910,113,367
-909,110,365
-910,111,366
-910,113,367
-909,112,370
-908,110,370
-910,109,369
-909,110,368
-907,110,366
-910,108,368
-911,110,370
-912,116,368
-904,105,376
-910,111,362
-906,111,370
-912,111,373
-909,106,371
-906,109,370
-907,111,370
-911,109,371
-910,108,371
-912,110,375
-903,108,363
-913,112,373
-910,107,369
-910,107,370
-910,110,367
-910,111,367
-914,109,369
-911,110,367
-909,113,366
-910,110,368
-909,108,369
-911,110,369
-910,111,368
-909,109,365
-910,110,368
-910,112,366
-910,110,365
-909,110,371
-910,112,372
-905,108,363
-913,110,365
-908,112,370
-905,112,371
-914,110,369
-903,107,369
-907,112,369
-909,112,370
-911,110,372
-909,109,373
-909,109,358
-905,115,373
-911,107,370
-912,111,369
-907,110,368
-909,116,366
-911,113,368
-910,114,368
-907,117,367
-906,118,370
-908,116,374
-907,116,371
-908,117,371
-910,117,370
-904,118,373
-909,119,372
-904,119,375
-901,121,379
-902,124,382
-900,117,381
-907,124,372
-899,124,375
-903,123,383
-908,125,379
-897,119,381
-897,124,381
-900,122,384
-901,125,385
-903,122,384
-888,117,373
-895,124,384
-900,118,384
-904,116,378
-897,122,381
-907,117,374
-909,120,376
-908,119,376
-906,120,372
-907,118,372
-904,119,376
-908,119,374
-907,119,373
-910,119,370
-904,119,370
-903,123,377
-908,123,363
-904,117,381
-902,124,377
-901,116,376
-911,121,376
-904,115,374
-903,115,373
-905,116,373
-907,115,374
-909,112,375
-907,116,365
-897,121,373
-907,116,389
-905,123,378
-907,122,370
-912,105,371
-889,107,381
-909,130,356
-916,150,334
-906,180,376
-907,161,368
-919,132,392
-1050,101,191
-891,118,304
-840,117,261
-935,87,420
-908,97,280
-897,86,460
-913,54,479
-826,105,492
-622,125,565
-1142,86,279
-761,118,427
-868,119,415
-879,98,398
-892,111,382
-928,87,359
-957,88,355
-932,82,368
-886,99,377
-868,97,393
-939,153,340
-965,101,330
-939,114,261
-932,127,301
-849,119,381
-930,149,344
-938,75,388
-921,101,360
-926,91,293
-929,62,270
-1010,115,163
-897,180,61
-994,173,106
-897,197,187
-973,143,129
-1061,191,-8
-951,178,-22
-1029,162,99
-1002,171,7
-769,14,23
512,518,-735
-137,467,1959
-955,27,104
-977,107,316
-928,52,260
-948,93,272
-930,117,261
-933,137,274
-941,133,268
-946,141,300
-937,140,293
-927,131,290
-928,114,287
-934,104,286
-945,108,286
-942,106,272
-942,95,262
-936,87,268
-942,89,276
-943,99,274
-938,109,279
-939,112,283
-942,119,270
-941,100,274
-945,103,260
-942,96,265
-943,94,268
-941,95,267
-940,94,272
-939,98,270
-941,98,273
-945,100,268
-945,103,274
-937,97,260
-944,104,268
-945,98,266
-943,98,265
-943,99,263
-945,100,258
-947,100,259
-947,102,259
-944,104,259
-947,106,261
-929,103,250
-931,89,275
-955,88,281
-947,92,272
-936,77,264
-952,85,251
-937,101,258
-957,101,265
-974,124,259
-948,120,260
-938,122,252
-926,124,249
-936,128,263
-946,135,272
-944,120,273
-944,125,262
-942,121,264
-943,113,263
-952,112,261
-941,109,241
-951,120,256
-946,113,251
-946,118,247
-947,128,250
-943,127,250
-946,125,252
-947,123,255
-942,119,256
-945,119,257
-943,116,254
-947,118,258
-951,119,252
-945,116,255
-949,117,254
-949,115,259
-949,116,259
-946,125,254
-942,114,268
-952,122,258
-949,129,263
-940,130,270
-944,148,280
-930,139,268
-955,119,271
-965,118,244
-939,134,235
-936,148,227
-950,127,225
-955,127,270
-977,110,264
-962,128,254
-929,154,249
-909,165,256
-931,168,263
-944,190,262
-942,186,253
-938,178,260
-948,180,256
-768,28,1564
-953,261,380
-919,161,149
-913,174,356
-456,48,856
-1452,-214,1005
-753,634,312
-1054,85,26
-732,65,213
-1005,157,266
-942,151,252
-930,177,247
-930,172,255
-948,161,267
-947,153,284
-934,165,264
-932,163,282
-938,158,277
-934,159,271
-937,163,268
-936,170,252
-942,159,263
-949,154,262
-942,158,272
-935,152,274
-934,148,270
-938,158,266
-935,169,262
-936,182,267
-972,177,232
-947,147,251
-927,164,251
-932,138,260
-956,134,279
-943,153,294
-926,152,297
-930,138,285
-938,143,274
-940,148,260
-953,126,260
-940,120,241
-942,153,265
-938,159,275
-935,158,279
-937,158,289
-936,153,287
-939,151,277
-940,151,261
-938,150,261
-938,150,260
-940,146,267
-941,142,273
-942,140,273
-942,142,269
-938,148,270
-938,150,271
-940,155,266
-941,144,267
-943,148,258
-940,150,258
-941,146,265
-942,146,273
-938,145,279
-938,146,269
-934,153,271
-941,148,273
-942,149,278
-933,147,268
-940,154,284
-954,122,259
-1053,664,-387
-711,-537,1454
-1174,177,196
-791,330,217
-937,119,262
-717,363,-14
-1186,-243,752
-880,195,374
-1132,124,259
-751,210,99
-960,156,278
-978,135,248
-934,169,257
-910,151,242
-936,155,255
-951,134,280
-954,144,274
-932,149,271
-933,147,269
-939,149,260
-939,153,259
-939,161,261
-938,161,272
-941,154,273
-943,151,269
-936,149,252
-939,160,269
-941,153,266
-941,149,263
-941,153,266
-938,151,264
-939,149,265
-942,152,264
-942,156,264
-940,156,264
-938,153,262
-940,154,261
-943,155,265
-940,156,266
-940,153,263
-941,153,264
-939,151,265
-940,150,266
-939,147,270
-945,152,257
-937,151,262
-940,149,266
-945,150,266
-938,149,265
-937,153,264
-939,149,267
-940,145,273
-941,141,274
-938,142,257
-940,149,269
-943,140,266
-939,142,262
-940,142,263
-939,142,259
-942,144,262
-941,146,264
-941,147,261
-941,150,263
-941,148,260
-941,146,262
-938,142,263
-939,144,266
-941,146,266
-941,149,266
-939,146,263
-939,146,264
-940,146,265
-940,148,265
-939,143,263
-946,149,260
-939,147,266
-938,145,270
-943,147,268
-939,139,263
-939,149,263
-939,150,269
-939,150,273
-941,147,277
-939,146,260
-939,150,275
-941,143,271
-942,145,264
-940,147,264
-938,151,263
-939,150,269
-941,149,268
-939,149,271
-937,153,273
-937,152,272
-938,151,276
-938,150,276
-937,152,277
-937,152,280
-936,151,279
-935,151,283
-933,150,286
-935,154,285
-932,149,284
-936,155,280
-929,153,281
-932,150,289
-933,151,289
-932,148,286
-932,153,285
-935,151,287
-936,153,286
-939,152,286
-930,147,277
-938,153,288
-936,148,280
-936,150,277
-934,150,274
-938,150,273
-939,151,275
-939,154,275
-937,150,274
-937,149,275
-938,152,275
-938,148,275
-939,147,274
-943,153,268
-940,152,267
-936,146,269
-936,150,269
-936,141,272
-943,146,269
-936,149,272
-934,148,276
-935,160,274
-941,153,273
-947,143,261
-941,139,259
-938,146,266
-941,155,278
-938,151,267
-938,154,285
-939,144,273
-938,143,264
-943,145,264
-942,140,259
-939,140,261
-939,142,265
-941,145,270
-940,147,269
-939,147,270
-939,149,268
-938,149,266
-938,149,266
-939,146,265
-939,147,265
-940,144,264
-938,141,267
-938,147,268
-937,138,274
-944,146,260
-937,146,265
-941,147,273
-940,142,268
-937,141,265
-938,145,267
-941,146,267
-939,138,271
-945,143,274
-938,145,257
-941,150,270
-942,140,265
-941,141,265
-941,143,266
-939,144,266
-942,144,263
-942,144,262
-941,143,263
-941,145,266
-941,145,267
-942,146,265
-942,147,264
-942,142,263
-939,139,265
-941,141,267
-940,147,272
-938,150,274
-938,148,271
-937,137,271
-944,144,263
-938,144,265
-939,145,273
-942,146,274
-936,143,270
-936,148,274
-937,145,274
-937,147,280
-940,147,281
-935,144,264
-938,147,279
-939,138,277
-937,144,276
-937,147,278
-936,148,277
-938,149,279
-937,151,278
-936,150,281
-935,150,281
-935,150,283
-934,148,285
-934,149,286
-934,147,284
-933,145,285
-932,147,286
-932,150,287
-931,147,286
-938,150,281
-934,150,281
-935,146,285
-938,148,285
-934,144,284
-936,147,279
-936,148,281
-938,146,280
-939,148,283
-934,142,270
-940,151,281
-939,144,278
-937,145,276
-936,147,274
-939,146,270
-939,147,274
-939,145,273
-938,146,272
-937,145,271
-939,147,274
-940,147,271
-939,146,270
-938,147,272
-940,149,271
-937,146,271
-937,141,269
-940,147,268
-938,138,281
-940,148,271
-935,150,271
-941,152,278
-938,144,274
-936,143,269
-937,145,269
-940,142,272
-942,140,270
-941,143,278
-934,143,265
-942,143,277
-942,138,270
-938,142,269
-940,149,267
-938,148,265
-940,145,266
-940,144,268
-939,144,268
-939,142,266
-940,141,269
-941,142,269
-939,141,272
-936,140,271
-938,142,271
-942,141,258
-941,140,259
-937,145,265
-941,152,261
-940,142,278
-936,147,268
-936,145,273
-947,151,282
-937,129,264
-936,134,252
-939,151,264
-941,159,275
-939,157,277
-940,156,275
-932,153,267
-935,144,271
-939,138,274
-940,142,265
-939,146,262
-940,150,261
-942,153,260
-940,154,262
-938,154,267
-940,151,272
-939,150,268
-939,148,269
-939,146,266
-938,146,266
-940,146,266
-939,146,270
-939,149,268
-940,152,262
-940,146,277
-941,154,263
-937,151,266
-940,152,271
-940,145,269
-937,148,268
-937,151,271
-939,148,274
-940,148,270
-939,150,274
-933,149,271
-942,151,278
-941,146,272
-937,149,270
-938,151,270
-937,151,270
-940,152,273
-938,153,274
-937,155,273
-937,153,274
-936,153,276
-937,153,275
-937,153,278
-936,154,277
-936,154,279
-935,153,282
-934,153,285
-937,156,274
-933,155,286
-932,157,283
-933,153,289
-936,155,289
-932,152,290
-931,154,288
-930,155,291
-933,154,293
-935,153,297
-929,153,281
-930,158,295
-933,153,290
-933,152,286
-932,154,288
-935,154,285
-936,153,287
-937,154,286
-935,154,284
-935,155,284
-935,154,284
-934,155,282
-937,153,279
-935,151,280
-936,153,283
-937,158,279
-934,149,286
-941,157,272
-934,153,276
-936,152,281
-939,151,281
-935,151,280
-936,152,278
-937,150,281
-938,152,279
-940,151,284
-932,147,270
-939,154,282
-939,147,274
-937,150,273
-938,153,275
-938,151,270
-939,151,272
-939,150,273
-938,151,274
-938,150,275
-938,149,274
-938,150,275
-938,149,274
-938,149,275
-938,150,275
-939,151,273
-937,151,275
-938,152,275
-939,153,270
-939,145,281
-939,152,270
-935,150,273
-941,151,277
-937,146,275
-936,150,273
-937,150,275
-939,150,274
-941,150,276
-940,150,278
-933,148,269
-942,152,277
-942,147,270
-937,148,268
-938,151,272
-939,150,268
-941,147,273
-939,151,273
-939,151,270
-938,151,269
-939,151,270
-940,149,272
-940,148,271
-938,149,271
-939,152,272
-939,150,270
-938,151,273
-939,151,269
-938,151,272
-939,150,274
-939,152,262
-940,148,275
-937,149,271
-937,150,271
-942,151,273
-936,147,272
-936,154,267
-938,150,271
-939,151,271
-942,147,271
-941,150,267
-934,151,272
-942,146,272
-942,147,266
-937,149,265
-940,151,264
-939,149,268
-942,150,267
-940,150,267
-939,150,265
-940,149,265
-941,149,267
-940,150,266
-938,151,266
-940,151,267
-940,151,266
-940,151,268
-940,149,266
-939,150,268
-939,150,268
-940,152,259
-942,146,273
-937,149,266
-937,151,266
-942,153,269
-938,146,268
-939,153,264
-939,151,267
-941,150,268
-941,148,269
-940,151,266
-935,152,269
-942,147,271
-941,147,266
-937,148,265
-939,151,264
-940,149,266
-941,149,268
-940,151,268
-938,150,269
-940,150,272
-939,150,272
-939,151,271
-938,151,271
-939,151,273
-938,151,276
-938,151,275
-938,149,276
-937,150,275
-936,152,278
-938,151,274
-942,153,274
-935,152,274
-935,149,281
-940,153,282
-934,148,283
-934,153,280
-935,152,285
-937,153,286
-937,151,290
-934,151,273
-934,153,291
-937,148,287
-934,150,283
-934,152,285
-934,152,283
-934,154,284
-934,153,282
-934,153,283
-935,153,283
-934,152,283
-935,153,283
-936,152,284
-936,152,282
-936,151,279
-936,152,280
-937,151,282
-940,155,269
-936,149,283
-937,155,277
-935,151,278
-940,152,281
-937,151,278
-936,152,276
